{
  "description": {
    "title": "VaporStore -  Os melhores aparelhos!",
    "text": "Loja especializada em aparelhos para materiais secos e acessórios. Trabalhamos exclusivamente com produtos originais. Garantia assegurada! Seu novo aparelho pode ser portátil ou de mesa. Somos revenda autorizada da Arizer, Boundless, Da Vinci e Vapir. Trabalhamos também com Pax, Mighty, Volcano, Firefly, Flowermate e Xvape Fog."
  },
  "links_1": {
    "list_pages": true,
    "title": "Informações",
    "list": []
  },
  "links_2": {
    "list_categories": true,
    "title": "Categorias",
    "list": []
  },
  "contacts": {
    "title": "Atendimento",
    "phone_wpp": false,
    "socials": false,
    "email": true,
    "address": true
  },
  "stamps": [
    {
      "src": "/img/uploads/GoogleSafeBrowsing.png",
      "alt": "Google Safe Browsing",
      "link": "http://www.google.com/safebrowsing/diagnostic?site=www.vaporstore.com.br"
    }
  ],
  "payment_methods": {
    "bb": false,
    "visa": false,
    "boleto": false,
    "aura": false,
    "banrisul": false,
    "elo": false,
    "hipercard": false,
    "hsbc": false,
    "bradesco": false,
    "santander": false,
    "mastercard": false,
    "citibank": false,
    "mais": false,
    "pix": false,
    "itau": false
  },
  "credits": "VaporStore - © 2024 Todos os direitos reservados "
}
