{
  "meta_title": "VaporStore -  Os melhores aparelhos!",
  "meta_description": "",
  "sections": [
    {
      "type": "banners-grid",
      "banners": []
    },
    {
      "type": "banner-slider",
      "autoplay": 3500,
      "slides": [
        {
          "start": "",
          "end": "",
          "img": "/img/uploads/banner-trustvox-opinioes-vaporstore.png",
          "link": "https://certificados.trustvox.com.br/vaporstore"
        }
      ],
      "full_width": true
    },
    {
      "type": "collection-shelf",
      "shuffle": true,
      "limit": 4,
      "page": 1,
      "collection_id": "60152a2bd6981740b49de819:collections:Vitrine:/vitrine",
      "sort": "views",
      "headless": true
    },
    {
      "type": "collection-shelf",
      "shuffle": true,
      "limit": 4,
      "page": 2,
      "collection_id": "60152a2bd6981740b49de819:collections:Vitrine:/vitrine",
      "sort": "views",
      "headless": true
    },
    {
      "type": "collection-shelf",
      "shuffle": false,
      "limit": 4,
      "page": 3,
      "collection_id": "60152a2bd6981740b49de819:collections:Vitrine:/vitrine",
      "sort": "views",
      "headless": true
    },
    {
      "type": "collection-shelf",
      "shuffle": true,
      "limit": 4,
      "page": 4,
      "collection_id": "60152a2bd6981740b49de819:collections:Vitrine:/vitrine",
      "sort": "views",
      "headless": true
    },
    {
      "type": "collection-shelf",
      "shuffle": true,
      "limit": 4,
      "page": 5,
      "collection_id": "60152a2bd6981740b49de819:collections:Vitrine:/vitrine",
      "sort": "views",
      "headless": true
    },
    {
      "type": "collection-shelf",
      "shuffle": true,
      "limit": 4,
      "page": 8,
      "collection_id": "60152a2bd6981740b49de819:collections:Vitrine:/vitrine",
      "sort": "views"
    },
    {
      "type": "collection-shelf",
      "shuffle": true,
      "limit": 4,
      "page": 6,
      "collection_id": "60152a2bd6981740b49de819:collections:Vitrine:/vitrine",
      "sort": "views",
      "headless": false
    },
    {
      "type": "collection-shelf",
      "shuffle": true,
      "limit": 4,
      "page": 7,
      "sort": "views",
      "collection_id": "60152a2bd6981740b49de819:collections:Vitrine:/vitrine",
      "headless": true
    },
    {
      "type": "collection-shelf",
      "shuffle": true,
      "limit": 4,
      "page": 9,
      "collection_id": "60152a2bd6981740b49de819:collections:Vitrine:/vitrine",
      "sort": "views"
    },
    {
      "type": "custom-html",
      "html": "<span class=\"titulo-marcas\"><b>REVENDEDOR AUTORIZADO</b><span class=\"subtitulo-marcas\">GARANTIA 100% NO BRASIL! CONFIRA!</span></span>"
    }
  ]
}